City_ID,City,Country,Lat,Lng,Max Temp,Humidity,Cloudiness,Wind Speed,Current description
0,Jamestown,US,42.097,-79.2353,38.52,55,0,12.66,clear sky
1,Yellowknife,CA,62.456,-114.3525,-2.58,90,100,13.8,light snow
2,Panzhihua,CN,26.5851,101.7128,46.33,63,0,1.12,clear sky
3,Karratha,AU,-20.7377,116.8463,80.29,67,96,17.2,overcast clouds
4,Kodiak,US,57.79,-152.4072,26.11,74,100,4.61,overcast clouds
5,Filadelfia,US,39.9523,-75.1638,37.76,91,100,3.0,mist
6,Los Llanos De Aridane,ES,28.6585,-17.9182,64.15,77,40,14.97,scattered clouds
7,Avarua,CK,-21.2078,-159.775,78.85,83,40,17.27,scattered clouds
8,Punta Arenas,CL,-53.15,-70.9167,60.82,87,100,5.75,light rain
9,Kapaa,US,22.0752,-159.319,73.72,74,75,14.97,broken clouds
10,Busselton,AU,-33.65,115.3333,59.04,84,82,4.88,broken clouds
11,Barrow,US,71.2906,-156.7887,-27.38,62,0,8.05,clear sky
12,New Norfolk,AU,-42.7826,147.0587,58.91,66,7,1.59,clear sky
13,Mataura,NZ,-46.1927,168.8643,42.48,99,12,1.52,few clouds
14,Ushuaia,AR,-54.8,-68.3,69.46,49,0,8.05,clear sky
15,Albany,US,42.6001,-73.9662,39.67,75,100,1.01,overcast clouds
16,Bluff,NZ,-46.6,168.3333,42.8,87,41,4.54,scattered clouds
17,Atuona,PF,-9.8,-139.0333,78.4,76,26,18.16,light rain
18,Rikitea,PF,-23.1203,-134.9692,78.15,76,12,13.53,light rain
19,Baie-Comeau,CA,49.2168,-68.1489,21.2,93,100,6.91,light snow
20,Itaporanga,BR,-7.3044,-38.1503,97.52,26,89,5.53,overcast clouds
21,Carnarvon,AU,-24.8667,113.6333,73.47,64,0,18.41,clear sky
22,Byron Bay,AU,-28.65,153.6167,66.87,81,92,10.71,overcast clouds
23,Pano Polemidia,CY,34.7,33.0,56.55,72,20,5.75,few clouds
24,Havoysund,NO,70.9963,24.6622,29.28,92,98,13.33,overcast clouds
25,Iqaluit,CA,63.7506,-68.5145,-14.31,75,100,10.0,light snow
26,Sur,OM,22.5667,59.5289,68.83,61,0,2.28,clear sky
27,Ancud,CL,-41.8697,-73.8203,74.73,63,49,11.32,scattered clouds
28,Bathsheba,BB,13.2167,-59.5167,84.81,61,40,21.85,scattered clouds
29,Tura,IN,25.5198,90.2201,53.74,70,4,2.84,clear sky
30,Castro,BR,-24.7911,-50.0119,79.36,47,20,6.87,few clouds
31,Clyde River,CA,70.4692,-68.5914,-36.17,67,0,4.61,clear sky
32,Port Elizabeth,ZA,-33.918,25.5701,71.89,78,0,5.75,clear sky
33,Tombouctou,ML,20.0,-3.0,73.98,8,6,7.61,clear sky
34,Kaitangata,NZ,-46.2817,169.8464,51.93,86,25,2.91,scattered clouds
35,Norman Wells,CA,65.282,-126.8329,-20.16,69,75,17.27,light snow
36,Puerto Ayora,EC,-0.7393,-90.3518,80.56,66,9,11.9,clear sky
37,Mahon,ES,39.8885,4.2658,52.36,71,0,3.44,clear sky
38,Laguna,US,38.421,-121.4238,65.01,71,0,1.01,clear sky
39,Vaini,TO,-21.2,-175.2,79.23,82,100,26.46,light rain
40,Necochea,AR,-38.5473,-58.7368,70.03,53,25,10.38,scattered clouds
41,Cabo San Lucas,MX,22.8909,-109.9124,74.61,59,0,4.9,clear sky
42,Cap-Aux-Meules,CA,47.3821,-61.8597,26.65,80,100,20.71,overcast clouds
43,Plettenberg Bay,ZA,-34.0527,23.3716,69.6,61,63,1.39,broken clouds
44,Ribeira Grande,PT,38.5167,-28.7,63.0,67,40,16.11,scattered clouds
45,Arica,CL,-18.475,-70.3042,83.75,60,0,14.97,clear sky
46,Cantanhede,BR,-3.6333,-44.3767,82.38,81,95,2.66,heavy intensity rain
47,Dikson,RU,73.5069,80.5464,-2.29,91,100,27.34,overcast clouds
48,Vestmanna,FO,62.1564,-7.1664,38.32,75,75,24.16,broken clouds
49,Tasiilaq,GL,65.6145,-37.6368,26.76,51,100,48.07,overcast clouds
50,Anadyr,RU,64.75,177.4833,-23.3,76,0,2.24,clear sky
51,Fairbanks,US,64.8378,-147.7164,-2.24,76,100,0.0,haze
52,Bredasdorp,ZA,-34.5322,20.0403,72.72,73,83,6.91,broken clouds
53,Beira,MZ,-19.8436,34.8389,82.49,74,20,5.75,few clouds
54,Butaritari,KI,3.0707,172.7902,81.79,75,88,16.98,overcast clouds
55,Saskylakh,RU,71.9167,114.0833,-22.45,97,70,7.47,broken clouds
56,Flinders,AU,-34.5833,150.8552,63.05,81,47,7.83,scattered clouds
57,Luderitz,NA,-26.6481,15.1594,76.21,63,5,8.1,clear sky
58,Caravelas,BR,-17.7125,-39.2481,85.19,62,83,10.47,broken clouds
59,East London,ZA,-33.0153,27.9116,76.14,88,0,12.66,clear sky
60,Kungurtug,RU,50.5994,97.5228,-8.64,95,94,1.95,overcast clouds
61,Hobart,AU,-42.8794,147.3294,59.25,80,10,4.61,clear sky
62,Fortuna,US,40.5982,-124.1573,43.14,55,1,2.98,clear sky
63,Bairiki,KI,1.3292,172.9752,80.6,83,40,8.05,scattered clouds
64,Grand-Lahou,CI,5.1367,-5.0242,81.01,77,60,9.35,broken clouds
65,Askarovo,RU,53.3372,58.5089,5.95,92,75,4.47,mist
66,Port Alfred,ZA,-33.5906,26.891,74.62,91,21,11.43,few clouds
67,Narsaq,GL,60.9167,-46.05,10.62,54,100,31.65,overcast clouds
68,Ofaqim,IL,31.3141,34.6203,55.74,76,0,3.06,clear sky
69,Guarapari,BR,-20.6667,-40.4975,85.89,70,33,20.07,scattered clouds
70,Port Said,EG,31.2565,32.2841,58.98,77,0,8.05,clear sky
71,Oeiras Do Para,BR,-2.0031,-49.8544,87.15,64,75,3.51,broken clouds
72,Hermanus,ZA,-34.4187,19.2345,73.8,92,59,3.13,broken clouds
73,Saint George,US,37.1041,-113.5841,55.35,33,0,6.91,clear sky
74,Mahebourg,MU,-20.4081,57.7,79.09,83,75,5.75,broken clouds
75,Palana,RU,59.1167,159.9667,1.09,88,49,7.25,scattered clouds
76,Husavik,IS,66.0449,-17.3389,30.11,70,86,14.2,overcast clouds
77,Camara De Lobos,PT,32.6333,-16.9667,65.12,72,75,16.11,broken clouds
78,Kanniyakumari,IN,8.0833,77.5667,78.33,77,38,8.39,scattered clouds
79,Victoria,HK,22.2855,114.1577,65.95,85,96,5.01,overcast clouds
80,Salalah,OM,17.0151,54.0924,78.89,17,0,11.5,clear sky
81,Tutoia,BR,-2.7619,-42.2744,89.58,68,65,11.52,broken clouds
82,Arraial Do Cabo,BR,-22.9661,-42.0278,85.86,62,75,6.91,thunderstorm
83,Islamkot,PK,24.6997,70.177,69.21,72,0,9.84,clear sky
84,La Ronge,CA,55.1001,-105.2842,32.25,59,40,4.61,scattered clouds
85,Gamboma,CG,-1.8764,15.8644,82.72,37,20,1.83,few clouds
86,Esperance,AU,-33.8667,121.9,62.44,64,40,21.05,scattered clouds
87,Hasaki,JP,35.7333,140.8333,34.29,53,94,1.57,light snow
88,Sibolga,ID,1.7427,98.7792,77.67,77,100,2.55,light rain
89,Sredniy Ikorets,RU,51.0675,39.7584,33.39,98,100,13.98,overcast clouds
90,Chokurdakh,RU,70.6333,147.9167,-44.59,100,95,5.12,overcast clouds
91,Ventersburg,ZA,-28.0856,27.1381,71.73,49,96,3.8,overcast clouds
92,Provideniya,RU,64.3833,-173.3,-14.33,77,1,12.1,clear sky
93,Haines Junction,CA,60.7522,-137.5108,12.67,98,72,2.3,broken clouds
94,Labuan,MY,5.2767,115.2417,82.11,94,20,5.01,few clouds
95,Lagoa,PT,39.05,-27.9833,58.98,71,1,12.37,clear sky
96,Thompson,CA,55.7435,-97.8558,8.76,85,100,10.36,overcast clouds
97,Berlin,DE,52.5244,13.4105,42.98,75,75,16.11,broken clouds
98,Rio Grande,BR,-32.035,-52.0986,80.71,54,13,19.19,few clouds
99,Mangrol,IN,21.1167,70.1167,67.77,74,2,9.42,clear sky
100,Staryy Nadym,RU,65.6118,72.6842,-5.06,93,90,13.18,overcast clouds
101,Kalmunai,LK,7.4167,81.8167,77.31,82,100,9.78,overcast clouds
102,Geraldton,AU,-28.7667,114.6,63.01,67,0,13.8,clear sky
103,Tuktoyaktuk,CA,69.4541,-133.0374,-34.6,67,40,12.66,scattered clouds
104,Chicama,PE,-7.8447,-79.1469,68.54,53,92,11.1,overcast clouds
105,Naryan-Mar,RU,67.6713,53.087,14.99,93,100,12.48,overcast clouds
106,Hilo,US,19.7297,-155.09,67.24,88,20,3.44,few clouds
107,Piacabucu,BR,-10.4056,-36.4344,85.35,61,1,11.1,clear sky
108,Flores,GT,16.9226,-89.8994,80.89,59,53,1.01,broken clouds
109,Kavieng,PG,-2.5744,150.7967,81.52,77,91,6.69,overcast clouds
110,Nome,US,64.5011,-165.4064,-9.33,54,0,17.27,clear sky
111,Ulladulla,AU,-35.35,150.4667,62.87,87,65,5.88,broken clouds
112,Kruisfontein,ZA,-34.0033,24.7314,66.88,55,77,3.22,broken clouds
113,Stabat,ID,3.761,98.4513,77.2,92,100,3.38,overcast clouds
114,Henties Bay,NA,-22.116,14.2845,72.86,85,65,9.48,light rain
115,Oranjemund,NA,-28.55,16.4333,70.7,62,7,13.38,clear sky
116,Gwembe,ZM,-16.4975,27.6069,63.21,95,66,2.64,light rain
117,Ferrol,ES,43.4832,-8.2369,57.45,82,10,13.38,clear sky
118,Noumea,NC,-22.2763,166.4572,75.18,89,100,10.04,overcast clouds
119,Virden,US,39.5009,-89.7679,23.63,68,8,9.06,clear sky
120,Alghero,IT,40.5589,8.3181,55.49,67,20,8.05,few clouds
121,Lompoc,US,34.6391,-120.4579,76.14,55,0,3.44,clear sky
122,Abonnema,NG,4.7084,6.7931,82.4,70,62,13.85,broken clouds
123,Georgetown,MY,5.4112,100.3354,80.53,95,20,0.0,few clouds
124,Trairi,BR,-3.2778,-39.2689,84.88,62,72,10.58,broken clouds
125,Fuerte Olimpo,PY,-21.0415,-57.8738,97.36,18,21,9.24,few clouds
126,Ilulissat,GL,69.2167,-51.1,10.42,67,100,20.71,overcast clouds
127,Port Hardy,CA,50.6996,-127.4199,44.78,93,75,4.61,light intensity shower rain
128,Nizhneye Kazanishche,RU,42.7637,47.1603,25.32,82,83,3.53,broken clouds
129,Macamic,CA,48.7502,-78.9996,17.83,90,100,8.99,light snow
130,Kentville,CA,45.0835,-64.4988,35.78,81,100,5.75,overcast clouds
131,Gizo,SB,-8.103,156.8419,82.26,79,100,9.48,light rain
132,Muscat,OM,23.6139,58.5922,68.02,54,0,11.05,clear sky
133,Maraba,BR,-5.3686,-49.1178,87.98,70,40,5.75,scattered clouds
134,Bethel,US,41.3712,-73.414,37.17,88,100,4.61,snow
135,Anchorage,US,61.2181,-149.9003,25.25,77,0,10.36,clear sky
136,Saint Anthony,US,45.0205,-93.218,14.92,69,100,5.75,overcast clouds
137,Saint-Philippe,RE,-21.3585,55.7679,78.39,89,100,11.92,light rain
138,Luanda,AO,-8.8368,13.2343,82.4,61,0,10.36,clear sky
139,Dingle,PH,10.9995,122.6711,75.25,90,11,8.55,few clouds
140,Alofi,NU,-19.0595,-169.9187,71.49,100,100,6.91,overcast clouds
141,Kirakira,SB,-10.4544,161.9205,80.33,87,100,10.98,light rain
142,Hofn,IS,64.2539,-15.2082,31.26,67,83,24.36,light snow
143,Bubaque,GW,11.2833,-15.8333,77.76,69,58,15.1,broken clouds
144,Kemin,KG,42.7846,75.6892,25.18,80,100,2.53,overcast clouds
145,Dauphin,CA,51.1494,-100.0502,30.34,69,0,11.5,clear sky
146,Cidreira,BR,-30.1811,-50.2056,78.06,46,0,16.04,clear sky
147,Komsomolskiy,UZ,40.4272,71.7189,36.32,87,99,2.3,mist
148,Impfondo,CG,1.6381,18.0667,79.93,24,20,1.36,few clouds
149,Zlobin,HR,45.2924,14.6541,40.3,30,0,9.22,clear sky
150,Upernavik,GL,72.7868,-56.1549,-7.29,95,100,9.91,light snow
151,Santa Cruz De Tenerife,ES,28.4682,-16.2546,71.82,72,20,9.22,few clouds
152,Natitingou,BJ,10.3042,1.3796,83.73,14,16,5.32,few clouds
153,Codrington,AU,-38.2667,141.9667,59.43,69,0,9.78,clear sky
154,Bengkulu,ID,-3.8004,102.2655,75.47,87,71,6.85,broken clouds
155,Ranong,TH,9.9658,98.6348,75.78,85,24,3.27,few clouds
156,Mahuva,IN,21.0914,71.7622,68.4,64,2,7.72,clear sky
157,New Amsterdam,GY,6.25,-57.5167,83.62,67,58,8.05,broken clouds
158,Dhar,IN,22.6,75.3,60.84,35,1,6.2,clear sky
159,Airai,TL,-8.9266,125.4092,60.96,91,98,1.57,overcast clouds
160,Tirumakudal Narsipur,IN,12.21,76.9064,72.1,59,52,3.98,broken clouds
161,Nalut,LY,30.3333,10.85,62.85,16,100,6.06,overcast clouds
162,Hithadhoo,MV,-0.6,73.0833,82.62,70,97,17.29,overcast clouds
163,Le Passage,FR,44.2014,0.6028,52.66,76,100,5.75,overcast clouds
164,Westport,US,41.1415,-73.3579,38.8,94,100,5.75,light rain
165,Palmerston,AU,-12.486,130.9833,80.58,93,100,4.61,overcast clouds
166,Roald,NO,62.5833,6.1333,41.32,75,75,11.5,light rain
167,Tuatapere,NZ,-46.1333,167.6833,42.82,92,4,3.94,clear sky
168,Lebu,CL,-37.6167,-73.65,66.15,73,6,14.67,clear sky
169,Egvekinot,RU,66.3167,-179.1667,-19.97,84,8,12.39,clear sky
170,San Jeronimo,PE,-11.9472,-75.2829,59.09,65,98,6.49,overcast clouds
171,Sylvan Lake,CA,52.3168,-114.0853,47.52,31,0,12.66,clear sky
172,Balabac,PH,7.9868,117.0645,79.59,77,67,13.11,broken clouds
173,Adelaide,AU,-34.9333,138.6,80.19,28,0,12.66,clear sky
174,Kuytun,RU,54.3419,101.5036,10.09,95,99,5.55,overcast clouds
175,Khudumelapye,BW,-23.8833,24.75,79.27,32,60,5.41,broken clouds
176,Chancay,PE,-11.5714,-77.2672,80.33,67,42,9.26,scattered clouds
177,Payo,ID,-3.7508,103.6372,71.8,96,76,2.93,broken clouds
178,Verkhovazhye,RU,60.7472,42.0465,12.07,95,96,6.8,overcast clouds
179,Srednekolymsk,RU,67.45,153.6833,-40.95,100,61,4.92,broken clouds
180,Ostrovnoy,RU,68.0531,39.5131,16.12,87,100,19.82,overcast clouds
181,Praia Da Vitoria,PT,38.7333,-27.0667,64.65,68,20,9.37,few clouds
182,Nshamba,TZ,-1.7983,31.5511,67.06,80,99,4.61,overcast clouds
183,Ponta Do Sol,PT,32.6667,-17.1,65.12,61,10,10.71,clear sky
184,Mar Del Plata,AR,-38.0023,-57.5575,68.02,70,75,18.41,broken clouds
185,Senneterre,CA,48.3835,-77.2328,19.62,92,100,5.88,light snow
186,Ponta Delgada,PT,37.7333,-25.6667,61.52,63,20,11.5,few clouds
187,Jalu,LY,29.0331,21.5482,62.8,25,36,2.55,scattered clouds
188,Varzea Da Palma,BR,-17.5981,-44.7308,74.37,83,100,4.85,light rain
189,Chacabuco,AR,-34.6417,-60.4739,73.8,35,0,7.85,clear sky
190,Pevek,RU,69.7008,170.3133,-28.39,99,46,3.18,scattered clouds
191,Faanui,PF,-16.4833,-151.75,81.52,78,100,20.04,overcast clouds
192,Canton,CN,23.1167,113.25,57.99,69,91,11.3,overcast clouds
193,Birao,CF,10.2849,22.7882,72.0,12,0,6.58,clear sky
194,Rio Gallegos,AR,-51.6226,-69.2181,82.45,20,0,20.71,clear sky
195,Kalevala,RU,65.2,31.1667,26.22,97,96,2.95,overcast clouds
196,Santiago Del Estero,AR,-27.7951,-64.2615,88.68,26,1,7.9,clear sky
197,Brokopondo,SR,4.75,-55.1667,83.97,66,75,5.86,broken clouds
198,Amazar,RU,53.858,120.875,-11.11,97,14,2.68,few clouds
199,Gat,IL,31.61,34.7642,57.88,100,2,3.06,clear sky
200,Inirida,CO,3.8653,-67.9239,76.8,92,77,4.5,broken clouds
201,Pisco,PE,-13.7,-76.2167,73.02,88,20,8.05,few clouds
202,Nikel,RU,69.4128,30.222,19.58,95,99,6.55,overcast clouds
203,Hvide Sande,DK,56.0045,8.1294,41.29,78,49,18.14,scattered clouds
204,Raleigh,US,35.7721,-78.6386,39.79,93,100,1.99,moderate rain
205,Polis,CY,35.0367,32.4264,55.22,82,67,5.91,broken clouds
206,Qaanaaq,GL,77.484,-69.3632,2.19,73,100,7.54,overcast clouds
207,Ariquemes,BR,-9.9133,-63.0408,81.05,86,99,3.69,light rain
208,Dunedin,NZ,-45.8742,170.5036,54.81,72,0,1.01,clear sky
209,Grand Gaube,MU,-20.0064,57.6608,79.2,83,55,5.99,broken clouds
210,Kahului,US,20.8947,-156.47,74.84,77,0,14.97,clear sky
211,Ilebo,CD,-4.3167,20.5833,76.05,81,100,0.2,light rain
212,Rietavas,LT,55.7194,21.9311,34.41,92,25,7.94,scattered clouds
213,Kuusamo,FI,65.9667,29.1833,21.24,93,100,3.44,overcast clouds
214,Petropavlovsk-Kamchatskiy,RU,53.0452,158.6483,25.39,100,75,8.95,light snow
215,Khapa,IN,21.4333,78.9667,66.15,32,14,3.18,few clouds
216,Mashhad,IR,36.297,59.6062,39.34,75,100,6.91,overcast clouds
217,Mehamn,NO,71.0357,27.8492,21.11,89,98,10.25,overcast clouds
218,Pitimbu,BR,-7.4706,-34.8086,88.39,59,85,10.29,overcast clouds
219,Namibe,AO,-15.1961,12.1522,74.03,75,67,12.01,broken clouds
220,Coquimbo,CL,-29.9533,-71.3436,67.73,68,75,9.22,broken clouds
221,Unity,CA,52.4501,-109.1682,27.25,79,76,10.58,broken clouds
222,Auray,FR,47.6703,-2.9918,52.56,92,93,5.48,overcast clouds
223,Araouane,ML,18.9048,-3.5265,74.17,8,4,8.37,clear sky
224,Cabras,IT,39.93,8.5314,51.08,72,46,16.67,scattered clouds
225,Peniche,PT,39.3558,-9.3811,67.95,64,0,10.0,clear sky
226,Antropovo,RU,58.3988,43.0066,12.18,97,99,7.18,overcast clouds
227,Evensk,RU,61.95,159.2333,-1.62,66,64,9.1,broken clouds
228,Okhotsk,RU,59.3833,143.3,3.83,78,98,7.7,overcast clouds
229,Tongling,CN,30.95,117.7833,32.63,100,100,3.85,overcast clouds
230,Portland,US,45.5234,-122.6762,47.25,91,75,8.01,broken clouds
231,Nikolskoye,RU,59.7035,30.7861,34.88,98,100,6.33,snow
232,Malmyzh,RU,56.5205,50.6818,4.06,99,99,3.49,overcast clouds
233,Piedras Negras,MX,28.7,-100.5167,58.66,38,21,13.0,few clouds
234,Sao Filipe,CV,14.8961,-24.4956,73.0,74,1,7.25,clear sky
235,Puerto Penasco,MX,31.3167,-113.5333,66.9,16,0,11.99,clear sky
236,Hambantota,LK,6.1241,81.1185,78.19,76,100,4.99,overcast clouds
237,Kigoma,TZ,-4.8769,29.6267,75.79,73,75,3.44,broken clouds
238,Touros,BR,-5.1989,-35.4608,88.7,57,31,14.99,scattered clouds
239,Bantogon,PH,6.5333,124.0333,78.08,76,49,4.18,scattered clouds
240,Coihaique,CL,-45.5752,-72.0662,77.61,31,0,11.5,clear sky
241,Richards Bay,ZA,-28.783,32.0377,72.77,84,11,3.83,few clouds
242,Cape Town,ZA,-33.9258,18.4232,74.26,71,0,16.11,clear sky
243,Tiksi,RU,71.6872,128.8694,-24.0,99,85,6.78,overcast clouds
244,Sao Jose Da Coroa Grande,BR,-8.8978,-35.1478,84.61,59,24,11.01,few clouds
245,Sumbe,AO,-11.2061,13.8437,77.22,78,94,8.12,overcast clouds
246,Babra,IN,21.85,71.3,69.12,30,3,7.43,clear sky
247,Fort Smith,US,35.3859,-94.3986,49.17,44,2,3.0,clear sky
248,Tabas,IR,33.5959,56.9244,51.66,39,99,5.99,overcast clouds
249,Iquitos,PE,-3.7481,-73.2472,80.64,78,75,6.91,broken clouds
250,Longyearbyen,SJ,78.2186,15.6401,17.44,86,100,3.44,light snow
251,Vila Velha,BR,-20.3297,-40.2925,85.95,73,40,11.5,scattered clouds
252,Jiangkou,CN,25.4872,119.1986,51.69,91,33,7.9,scattered clouds
253,Kenai,US,60.5544,-151.2583,21.25,82,75,14.97,broken clouds
254,Broome,US,42.2506,-75.833,39.33,63,100,4.0,overcast clouds
255,Erzin,TR,36.9559,36.2,50.52,78,81,3.22,broken clouds
256,Camana,PE,-16.6228,-72.7111,75.63,68,93,8.84,overcast clouds
257,Manokwari,ID,-0.8667,134.0833,78.39,80,100,3.24,overcast clouds
258,Bermeo,ES,43.4209,-2.7215,53.49,90,78,3.4,broken clouds
259,Gravdal,NO,68.1214,13.5031,28.29,100,40,4.61,scattered clouds
260,Bandarbeyla,SO,9.4942,50.8122,75.67,68,23,19.44,few clouds
261,Mattru,SL,7.6244,-11.8332,87.55,51,100,8.57,overcast clouds
262,Kieta,PG,-6.2167,155.6333,80.35,86,100,8.81,overcast clouds
263,Saint Pete Beach,US,27.7253,-82.7412,67.12,75,12,5.01,few clouds
264,Aykhal,RU,66.0,111.5,-23.04,100,99,7.56,overcast clouds
265,Ahipara,NZ,-35.1667,173.1667,72.59,98,99,5.97,overcast clouds
266,Vardo,NO,70.3705,31.1107,25.0,86,40,17.27,scattered clouds
267,Lorengau,PG,-2.0226,147.2712,81.01,81,100,5.5,overcast clouds
268,Quatre Cocos,MU,-20.2078,57.7625,78.91,84,64,8.01,light rain
269,Kupino,RU,54.3663,77.2981,4.35,93,45,7.85,scattered clouds
270,Sakakah,SA,29.9697,40.2064,56.77,35,0,6.15,clear sky
271,Auki,SB,-8.7676,160.7034,79.09,88,100,7.94,light rain
272,Sobolevo,RU,54.4299,31.8996,32.88,97,100,7.99,overcast clouds
273,Kurumkan,RU,54.3,110.3,0.93,97,99,3.24,overcast clouds
274,Bonoua,CI,5.2741,-3.595,80.22,74,48,7.05,scattered clouds
275,Cherskiy,RU,68.75,161.3,-33.97,100,41,2.17,scattered clouds
276,Chuy,UY,-33.6971,-53.4616,72.75,56,75,15.79,broken clouds
277,Amapa,BR,1.0,-52.0,79.54,92,98,4.0,moderate rain
278,Mendoza,AR,-32.8908,-68.8272,83.73,34,20,6.91,few clouds
279,Souillac,MU,-20.5167,57.5167,79.18,83,75,5.75,broken clouds
280,Puerto Escondido,MX,15.85,-97.0667,83.23,74,0,4.61,clear sky
281,Tyup,KG,42.7276,78.3648,16.52,74,36,5.79,scattered clouds
282,Zhanaozen,KZ,43.3,52.8,29.55,90,58,7.9,broken clouds
283,Eureka,US,40.8021,-124.1637,43.41,59,2,2.91,clear sky
284,Poum,NC,-20.2333,164.0167,81.07,88,100,29.44,overcast clouds
285,Guerrero Negro,MX,27.9769,-114.0611,68.09,26,0,2.8,clear sky
286,Kichera,RU,55.9375,110.0997,10.89,96,100,2.68,light snow
287,Aklavik,CA,68.2191,-135.0107,-29.2,62,75,11.5,broken clouds
288,Rawson,AR,-43.3002,-65.1023,89.8,20,0,19.57,clear sky
289,Tiznit,MA,29.5833,-9.5,70.75,16,33,6.26,scattered clouds
290,Tynda,RU,55.1667,124.7167,-18.74,100,37,3.13,scattered clouds
291,Ngaoundere,CM,7.3167,13.5833,72.88,19,14,6.31,few clouds
292,Fort Nelson,CA,58.8053,-122.7002,24.39,93,75,0.0,broken clouds
293,Gabriel Leyva Solano,MX,25.6667,-108.6417,77.11,21,0,5.95,clear sky
294,Magugu,TZ,-4.0167,35.7667,64.94,85,100,0.49,overcast clouds
295,Sorong,ID,-0.8833,131.25,78.96,81,52,3.89,broken clouds
296,Saint-Georges,GD,12.0564,-61.7485,85.68,66,75,24.16,broken clouds
297,San Vicente,AR,-26.6167,-54.1333,82.92,15,0,6.38,clear sky
298,Snyder,US,32.7179,-100.9176,48.34,39,0,6.91,clear sky
299,Khilok,RU,51.3674,110.4676,7.54,93,100,2.86,overcast clouds
300,Khatanga,RU,71.9667,102.5,-23.89,99,99,8.57,overcast clouds
301,Mawlaik,MM,23.6333,94.4167,54.48,63,1,0.74,clear sky
302,Ust-Nera,RU,64.5667,143.2,-27.81,78,22,1.12,few clouds
303,Galle,LK,6.0367,80.217,79.38,72,100,1.68,overcast clouds
304,Sitka,US,57.0531,-135.33,39.09,81,100,9.22,overcast clouds
305,Timra,SE,62.487,17.3257,31.68,91,0,2.3,clear sky
306,Novoagansk,RU,61.9449,76.6625,-12.32,100,19,5.68,few clouds
307,Bonavista,CA,48.6499,-53.1147,20.12,44,41,14.32,scattered clouds
308,Yangjiang,CN,21.85,111.9667,59.95,89,99,8.99,overcast clouds
309,Nanortalik,GL,60.1432,-45.2371,12.92,72,100,49.97,overcast clouds
310,Falun,SE,60.6036,15.626,30.61,82,4,3.53,clear sky
311,Canto Do Buriti,BR,-8.11,-42.9444,89.4,49,79,5.28,moderate rain
312,Torbay,CA,47.6666,-52.7314,21.27,70,75,10.36,broken clouds
313,Northam,GB,51.0333,-4.2167,52.92,97,100,16.71,overcast clouds
314,Yaan,NG,7.3833,8.5667,89.51,12,44,5.48,scattered clouds
315,Dickinson,US,29.4608,-95.0513,61.21,40,0,13.8,clear sky
316,Dubbo,AU,-32.25,148.6167,57.33,82,2,11.5,clear sky
317,Nemuro,JP,43.3236,145.575,21.27,77,28,7.58,scattered clouds
318,Dalbandin,PK,28.8947,64.4101,55.63,24,0,8.43,clear sky
319,Salinopolis,BR,-0.6136,-47.3561,82.98,73,74,8.95,broken clouds
320,Fochabers,GB,57.6136,-3.0957,51.89,70,75,25.32,broken clouds
321,Buala,SB,-8.145,159.5921,81.43,82,100,10.78,overcast clouds
322,Chuguyevka,RU,44.1653,133.8633,-7.37,100,81,3.18,broken clouds
323,Glenwood Springs,US,39.5505,-107.3248,33.03,57,0,0.0,clear sky
324,Lata,PT,40.1629,-8.3327,61.21,49,1,5.53,clear sky
325,Ratnagiri,IN,16.9833,73.3,72.0,84,21,7.54,few clouds
326,La Palma,US,33.8464,-118.0467,77.76,25,0,3.0,clear sky
327,Arman,RU,59.7,150.1667,-4.99,75,93,8.86,overcast clouds
328,Parkes,AU,-33.1333,148.1833,58.35,74,3,5.35,clear sky
329,Marsh Harbour,BS,26.5412,-77.0636,75.04,67,0,10.6,clear sky
330,Amahai,ID,-3.3333,128.9167,77.9,86,73,1.72,broken clouds
331,Klaksvik,FO,62.2266,-6.589,38.32,74,89,37.04,overcast clouds
332,Rudbar,AF,30.15,62.6,57.4,23,0,12.3,clear sky
333,Nouadhibou,MR,20.931,-17.0347,71.58,68,49,12.66,scattered clouds
334,Otavi,NA,-19.65,17.3333,71.56,53,84,5.23,broken clouds
335,Beacon,US,41.5048,-73.9696,38.01,84,100,0.0,mist
336,Port Blair,IN,11.6667,92.75,78.84,78,40,8.05,mist
337,Muros,ES,42.7762,-9.0603,60.1,70,11,9.75,few clouds
338,Aksarka,RU,66.5606,67.7975,1.45,92,100,10.47,overcast clouds
339,Ossora,RU,59.2353,163.0719,8.26,90,100,9.17,overcast clouds
340,Naze,JP,28.3667,129.4833,60.6,80,100,23.44,overcast clouds
341,Hami,CN,42.8,93.45,25.72,39,6,0.83,clear sky
342,San Patricio,US,28.017,-97.5169,63.18,43,37,14.07,scattered clouds
343,Hargeysa,SO,9.56,44.065,61.65,94,32,14.81,scattered clouds
344,Baykit,RU,61.67,96.37,-6.38,96,99,4.36,overcast clouds
345,Bambous Virieux,MU,-20.3428,57.7575,79.05,83,75,5.75,light rain
346,North Bend,US,43.4065,-124.2243,47.88,96,100,8.05,overcast clouds
347,Serenje,ZM,-13.2325,30.2352,58.84,99,90,4.25,overcast clouds
348,Zhenlai,CN,45.8495,123.2973,1.69,90,11,5.48,few clouds
349,Puerto Madero,MX,14.7208,-92.4215,82.92,62,23,9.37,few clouds
350,Shellbrook,CA,53.2168,-106.4011,20.43,84,61,8.88,broken clouds
351,Buraydah,SA,26.326,43.975,59.45,32,0,5.99,clear sky
352,Mount Isa,AU,-20.7333,139.5,73.17,83,100,5.75,overcast clouds
353,Yumen,CN,40.2833,97.2,18.93,76,27,10.94,scattered clouds
354,Ilo,PE,-17.6394,-71.3375,72.46,68,0,16.11,clear sky
355,Matara,LK,5.9485,80.5353,75.85,85,100,2.73,overcast clouds
356,Mahibadhoo,MV,3.7833,72.9667,82.18,65,8,11.92,clear sky
357,Isangel,VU,-19.55,169.2667,79.86,87,100,18.52,overcast clouds
358,Novocheboksarsk,RU,56.111,47.4776,16.36,92,100,4.47,overcast clouds
359,Llano De Piedra,PA,7.6667,-80.5667,87.58,47,40,13.38,scattered clouds
360,Morant Bay,JM,17.8815,-76.4093,83.82,73,23,8.72,few clouds
361,Rocha,UY,-34.4833,-54.3333,71.4,59,71,16.53,broken clouds
362,Latung,PH,5.5,120.8833,81.48,74,93,5.75,overcast clouds
363,Bambanglipuro,ID,-7.95,110.2833,76.35,85,100,4.47,overcast clouds
364,Kibre Mengist,ET,5.8833,38.9833,61.9,45,52,2.89,broken clouds
365,Katangli,RU,51.7102,143.2326,9.21,94,100,16.82,light snow
366,Katsuura,JP,35.1333,140.3,42.19,55,66,6.82,broken clouds
367,Yabelo,ET,4.8833,38.0833,68.22,27,27,9.71,scattered clouds
368,Cockburn Town,TC,21.4612,-71.1419,80.56,65,40,11.5,scattered clouds
369,Tautira,PF,-17.7333,-149.15,80.62,75,100,19.08,overcast clouds
370,Faya,SA,18.3851,42.4509,57.31,76,15,2.84,few clouds
371,Viru,PE,-8.4167,-78.75,69.1,50,53,12.21,broken clouds
372,Kilindoni,TZ,-7.9139,39.6668,81.12,81,100,13.11,overcast clouds
373,Ingham,US,42.6,-84.3833,31.66,79,100,8.05,overcast clouds
374,Tomatlan,MX,19.9333,-105.25,87.82,31,42,6.8,scattered clouds
375,Magadan,RU,59.5667,150.8,-5.48,61,76,10.98,broken clouds
376,Asau,RO,46.4333,26.4,45.52,75,100,3.51,overcast clouds
377,Hervey Bay,AU,-25.2986,152.8535,66.31,71,31,13.62,scattered clouds
378,Nizhniy Kuranakh,RU,58.8353,125.4869,-0.94,99,100,2.91,overcast clouds
379,Yulara,AU,-25.2406,130.9889,80.44,39,100,0.0,overcast clouds
380,Chabahar,IR,25.2919,60.643,69.71,60,0,10.74,clear sky
381,Saint-Augustin,CA,51.226,-58.6502,12.29,90,100,2.59,light snow
382,Wewak,PG,-3.5534,143.6268,79.39,84,100,6.04,overcast clouds
383,Nsanje,MW,-16.92,35.262,76.05,79,75,2.51,broken clouds
384,Prince George,CA,53.9166,-122.753,40.44,60,0,19.57,clear sky
385,Talcahuano,CL,-36.7167,-73.1167,67.68,68,0,5.75,clear sky
386,Bilma,NE,18.6853,12.9164,68.83,10,0,10.29,clear sky
387,Tvoroyri,FO,61.5556,-6.8111,38.59,79,99,38.34,overcast clouds
388,Pokrovskoye,RU,47.4157,38.8971,34.81,92,100,12.01,overcast clouds
389,Stoenesti,RO,45.25,25.1667,39.24,98,100,4.41,overcast clouds
390,Pauini,BR,-7.7136,-66.9764,82.74,85,87,3.58,overcast clouds
391,Port Hawkesbury,CA,45.6169,-61.3485,32.18,87,100,5.75,fog
392,Nayoro,JP,44.3506,142.4578,10.78,98,80,1.72,broken clouds
393,Aswan,EG,24.0934,32.907,70.9,21,0,5.75,clear sky
394,Tieling,CN,42.2931,123.8414,18.59,56,73,5.41,broken clouds
395,Wagar,SD,16.1525,36.2032,73.92,43,99,15.35,overcast clouds
396,Broken Hill,AU,-31.95,141.4333,71.31,33,33,8.05,scattered clouds
397,Pemangkat,ID,1.1667,108.9667,77.05,91,100,4.25,heavy intensity rain
398,Rakvere,EE,59.3464,26.3558,30.54,97,100,9.48,light snow
399,Great Bend,US,38.3645,-98.7648,54.84,41,20,11.5,haze
400,Gagnoa,CI,6.1293,-5.9437,85.44,54,92,6.67,overcast clouds
401,Mayo,US,38.8876,-76.5119,44.56,83,82,3.0,broken clouds
402,Muroto,JP,33.2833,134.15,46.99,54,71,5.01,moderate rain
403,Lamu,KE,-2.2717,40.902,77.61,81,26,15.03,scattered clouds
404,Mezen,RU,65.8522,44.24,10.94,94,94,8.48,overcast clouds
405,Chirongui,YT,-12.9319,45.1483,76.93,75,89,8.41,light rain
406,Pavlovka,RU,52.6897,47.1405,17.78,97,92,4.23,overcast clouds
407,Pasni,PK,25.2631,63.471,70.63,74,0,12.01,clear sky
408,Pacific Grove,US,36.6177,-121.9166,62.96,69,0,3.44,clear sky
409,Praia,CV,14.9215,-23.5087,79.34,53,0,16.11,clear sky
410,Nador,MA,35.174,-2.9287,60.87,77,20,4.61,few clouds
411,Tefe,BR,-3.3542,-64.7114,87.91,74,40,9.22,scattered clouds
412,Oktyabrskoye,RU,43.0645,44.7417,30.34,74,40,6.71,scattered clouds
413,Bashtanka,UA,47.4072,32.4387,35.28,94,95,10.27,overcast clouds
414,Yar-Sale,RU,66.8333,70.8333,3.47,88,100,15.97,overcast clouds
415,Camabatela,AO,-8.1881,15.375,65.93,82,80,0.94,broken clouds
416,Atambua,ID,-9.1061,124.8925,74.21,84,97,1.3,overcast clouds
417,Chingirlau,KZ,51.095,54.0814,13.33,97,100,6.24,overcast clouds
418,Kabarnet,KE,0.4919,35.743,61.61,40,100,4.74,overcast clouds
419,Abbeville,FR,50.1,1.8333,48.16,86,20,9.53,few clouds
420,Abha,SA,18.2164,42.5053,57.02,77,0,5.75,clear sky
421,Oregon City,US,45.3573,-122.6068,47.14,89,98,1.99,overcast clouds
422,Danlugan,PH,7.8914,123.3728,72.14,89,35,2.73,scattered clouds
423,Bandar-E Lengeh,IR,26.5579,54.8807,64.51,52,0,6.91,clear sky
424,Barda,AZ,40.3744,47.1267,43.34,39,38,3.49,scattered clouds
425,Manggar,ID,-2.8833,108.2667,78.58,87,100,7.05,overcast clouds
426,Lavrentiya,RU,65.5833,-171.0,-28.73,93,28,12.15,scattered clouds
427,Portel,BR,-1.9356,-50.8211,82.42,82,78,2.86,broken clouds
428,Salta,AR,-24.7859,-65.4117,68.59,69,100,10.36,overcast clouds
429,Kenilworth,GB,52.3429,-1.5802,51.75,91,75,8.05,broken clouds
430,Rawlins,US,41.7911,-107.2387,35.82,49,1,20.94,clear sky
431,Half Moon Bay,US,37.4636,-122.4286,60.73,77,0,4.61,mist
432,Tambura,SS,5.6,27.4667,76.96,19,93,5.17,overcast clouds
433,Palu,ID,-0.8917,119.8707,75.56,85,100,2.33,overcast clouds
434,Maryville,US,35.7565,-83.9705,51.15,55,68,1.99,broken clouds
435,Tingo Maria,PE,-9.2895,-76.0088,77.31,94,100,5.75,light rain
436,Hovd,MN,48.0056,91.6419,-12.37,74,6,2.82,clear sky
437,Constitucion,CL,-35.3333,-72.4167,70.29,62,44,6.33,scattered clouds
438,Hurricane,US,37.1753,-113.2899,55.6,26,0,2.3,clear sky
439,Phalaborwa,ZA,-23.943,31.1411,78.08,59,10,9.35,clear sky
440,Carmen,MX,18.6333,-91.8333,73.87,79,21,5.35,few clouds
441,Ziniare,BF,12.5822,-1.2983,89.64,12,1,7.34,clear sky
442,Bataipora,BR,-22.2953,-53.2711,86.07,39,6,9.33,clear sky
443,Ayr,GB,55.4627,-4.6339,51.78,71,40,16.11,scattered clouds
444,Talnakh,RU,69.4865,88.3972,-22.65,96,60,7.18,broken clouds
445,Leningradskiy,RU,69.3833,178.4167,-29.63,98,19,5.1,few clouds
446,Comodoro Rivadavia,AR,-45.8667,-67.5,89.46,19,0,12.66,clear sky
447,Braco Do Norte,BR,-28.275,-49.1656,85.73,35,0,8.77,clear sky
448,Vila,PT,42.0304,-8.1588,52.68,69,41,5.03,scattered clouds
449,Kargil,IN,34.5667,76.1,-0.62,91,98,4.59,overcast clouds
450,Chipata,ZM,-13.6333,32.65,63.54,95,27,1.72,light rain
451,Marawi,PH,7.9986,124.2928,66.65,74,64,2.17,broken clouds
452,Port Lincoln,AU,-34.7333,135.8667,76.73,46,23,15.99,few clouds
453,Caluquembe,AO,-13.7833,14.6833,60.91,73,100,4.16,overcast clouds
454,Natal,BR,-5.795,-35.2094,88.45,58,40,17.27,scattered clouds
455,Nacala,MZ,-14.5428,40.6728,77.47,87,64,2.3,light rain
456,Abalak,RU,58.1286,68.5944,7.81,94,35,8.43,scattered clouds
457,Porto Novo,BJ,6.4965,2.6036,85.82,76,61,9.04,broken clouds
458,Tamuin,MX,21.9833,-98.75,62.65,61,100,17.74,overcast clouds
459,Molina,CL,-35.1167,-71.2833,90.37,35,0,6.91,clear sky
460,Raudeberg,NO,61.9875,5.1352,40.19,90,100,13.0,light rain
461,Yellapur,IN,14.9667,74.7167,63.59,92,59,2.13,broken clouds
462,Sinnamary,GF,5.3833,-52.95,81.07,76,95,9.26,overcast clouds
463,Lazaro Cardenas,MX,17.9583,-102.2,82.69,49,36,6.85,scattered clouds
464,Kribi,CM,2.95,9.9167,81.18,78,57,11.21,broken clouds
465,Deputatskiy,RU,69.3,139.9,-35.14,94,76,4.27,broken clouds
466,Pointe Michel,DM,15.25,-61.3833,80.89,65,62,10.85,broken clouds
467,Snezhnogorsk,RU,69.1933,33.2531,19.18,95,100,9.91,light snow
468,Naberera,TZ,-4.2,36.9333,61.57,88,96,0.27,overcast clouds
469,Tumsar,IN,21.3833,79.7333,65.52,35,16,2.53,few clouds
470,Acapulco,MX,16.8634,-99.8901,83.77,54,51,6.76,broken clouds
471,Goleniow,PL,53.5639,14.8285,43.61,70,100,18.41,overcast clouds
472,Nchelenge,ZM,-9.3451,28.734,69.35,84,98,4.14,light rain
473,Yankton,US,42.8711,-97.3973,46.11,37,9,10.69,clear sky
474,Batagay-Alyta,RU,67.8006,130.4114,-26.9,94,100,4.18,overcast clouds
475,Te Anau,NZ,-45.4167,167.7167,42.49,91,1,0.85,clear sky
476,Kamien Pomorski,PL,53.9685,14.7726,43.63,81,24,22.3,light rain
477,Aksu,CN,41.1231,80.2644,23.81,61,17,3.4,few clouds
478,Pokhara,NP,28.2333,83.9833,51.03,88,96,0.25,overcast clouds
479,Tagusao,PH,9.1924,117.8141,76.57,77,73,3.47,broken clouds
480,Ambulu,ID,-8.345,113.6058,76.41,85,100,3.76,overcast clouds
481,Kingman,US,35.1894,-114.053,54.9,10,0,11.01,clear sky
482,Flin Flon,CA,54.7682,-101.865,17.44,79,40,8.05,scattered clouds
483,Bucerias,MX,20.75,-105.3333,80.67,52,24,6.53,few clouds
484,Grindavik,IS,63.8424,-22.4338,32.47,80,75,31.07,snow
485,Staraya Mayna,RU,54.6,48.95,19.51,100,45,3.89,scattered clouds
486,Naliya,IN,23.2667,68.8333,68.31,82,0,7.34,clear sky
487,Ozinki,RU,51.1786,49.6769,5.86,98,53,3.76,broken clouds
488,Sandwick,GB,60.0,-1.25,44.42,100,100,32.21,overcast clouds
489,Presque Isle,US,46.6811,-68.0159,30.06,64,40,8.05,scattered clouds
490,Middelburg,ZA,-25.7751,29.4648,70.09,52,60,9.82,broken clouds
491,Beyla,GN,8.6833,-8.6333,87.85,14,83,5.41,broken clouds
492,Meybod,IR,32.2501,54.0166,48.22,31,6,8.16,clear sky
493,Tessalit,ML,20.1986,1.0114,72.54,9,0,3.62,clear sky
494,Nantucket,US,41.2835,-70.0995,46.96,86,100,12.82,overcast clouds
495,Porto Belo,BR,-27.1578,-48.5531,87.64,64,9,13.4,clear sky
496,Ontario,US,34.0633,-117.6509,74.37,18,0,13.8,clear sky
497,Juneau,US,58.3019,-134.4197,40.21,98,100,7.96,overcast clouds
498,Avera,US,33.194,-82.5271,44.38,71,100,7.78,overcast clouds
499,Bereda,ES,43.2686,-7.5406,51.87,94,19,5.12,few clouds
500,Castanas,PH,13.8822,121.5517,75.09,93,83,8.66,broken clouds
501,Imbituba,BR,-28.24,-48.6703,78.69,59,1,9.73,clear sky
502,Lakes Entrance,AU,-37.8811,147.981,52.57,91,65,5.73,broken clouds
503,Coruripe,BR,-10.1256,-36.1756,85.64,59,2,13.0,clear sky
504,Sovetskiy,RU,61.3614,63.5842,1.38,97,97,4.94,overcast clouds
505,Tilichiki,RU,60.4667,166.1,-13.92,87,7,8.34,clear sky
506,Baoding,CN,38.8511,115.4903,29.43,39,29,2.64,scattered clouds
507,Verkhnyaya Inta,RU,65.9811,60.3094,1.67,90,100,5.12,overcast clouds
508,Kurmanayevka,RU,52.5093,52.0675,1.17,100,99,3.15,overcast clouds
509,Thornhill,GB,55.2333,-3.7667,51.31,87,100,17.05,overcast clouds
510,Kavaratti,IN,10.5669,72.642,78.4,71,40,10.83,scattered clouds
511,Alta Floresta,BR,-9.8756,-56.0861,79.05,88,100,2.68,heavy intensity rain
512,Morropon,PE,-5.1822,-79.9689,88.03,51,98,3.04,overcast clouds
513,Berbera,SO,10.4396,45.0143,78.53,66,70,9.35,broken clouds
514,Sertania,BR,-8.0736,-37.2644,98.38,21,64,1.25,broken clouds
515,Viedma,AR,-40.8135,-62.9967,83.66,22,0,11.65,clear sky
516,Lufilufi,WS,-13.8745,-171.5986,80.76,67,100,12.33,overcast clouds
517,Atasu,KZ,48.6814,71.6433,14.47,97,100,5.79,overcast clouds
518,Burns Lake,CA,54.2331,-125.7533,27.82,75,79,14.41,broken clouds
519,Ransang,PH,8.9603,117.5828,76.89,73,71,1.88,broken clouds
520,Glenluce,GB,54.8798,-4.8084,51.3,84,100,21.5,overcast clouds
521,Seoul,KR,37.5683,126.9778,29.64,57,98,1.12,overcast clouds
522,Krasnoselkup,RU,65.7,82.4667,-27.72,100,29,2.62,scattered clouds
523,Sangar,RU,63.9242,127.4739,-31.85,99,100,1.72,overcast clouds
524,Kindu,CD,-2.95,25.95,75.67,78,100,0.58,overcast clouds
525,Gresham,US,45.4982,-122.4315,52.93,92,99,5.01,overcast clouds
526,Lethem,GY,3.3803,-59.7968,95.5,36,98,10.11,overcast clouds
527,Tucuma,BR,-0.1833,-50.05,82.15,77,96,6.42,overcast clouds
528,Saint-Francois,FR,46.4154,3.9054,39.67,73,0,4.61,clear sky
529,Kabin Buri,TH,13.9511,101.7177,81.28,54,90,3.22,overcast clouds
530,Hay River,CA,60.8156,-115.7999,-0.44,85,100,3.44,light snow
531,Port Augusta,AU,-32.5,137.7667,72.72,30,7,8.03,clear sky
532,San Ramon De La Nueva Oran,AR,-23.1322,-64.326,85.37,47,86,0.94,overcast clouds
533,Pacifica,US,37.6138,-122.4869,60.71,72,0,8.99,mist
534,La Vega,DO,19.2221,-70.5296,83.57,68,59,10.85,broken clouds
535,Ixtapa,MX,20.7,-105.2,84.45,41,30,6.08,scattered clouds
536,Samarai,PG,-10.6167,150.6667,80.19,81,65,8.43,broken clouds
537,Celestun,MX,20.8667,-90.4,75.58,77,13,10.69,few clouds
538,The Valley,AI,18.217,-63.0578,79.11,65,48,17.22,scattered clouds
539,Mana,GF,5.6592,-53.7767,82.11,72,67,10.18,broken clouds
540,Buchanan,LR,5.8808,-10.0467,84.16,73,95,10.98,overcast clouds
541,Padang,ID,-0.9492,100.3543,77.41,78,100,3.24,overcast clouds
542,Lensk,RU,60.7253,114.9278,-5.24,100,100,2.53,overcast clouds
543,Qasigiannguit,GL,68.8193,-51.1922,8.85,97,100,21.63,light snow
544,Kangaatsiaq,GL,68.3065,-53.4641,-8.39,98,100,16.6,overcast clouds
545,Ballina,AU,-28.8667,153.5667,61.95,89,93,9.89,overcast clouds
546,Wuchang,CN,44.9143,127.15,-2.67,94,24,3.89,few clouds
547,Alice Springs,AU,-23.7,133.8833,67.55,77,20,0.0,few clouds
548,Paramonga,PE,-10.6667,-77.8333,75.6,68,61,11.59,broken clouds
549,Barranca,PE,-10.75,-77.7667,75.33,65,52,12.68,broken clouds
550,Borogontsy,RU,62.6683,131.1683,-37.68,100,95,2.89,overcast clouds
551,Calama,CL,-22.4667,-68.9333,77.49,9,20,21.85,few clouds
552,Lolodorf,CM,3.2333,10.7333,78.03,71,35,4.45,scattered clouds
553,Truckee,US,39.328,-120.1833,55.0,50,0,1.01,clear sky
554,Tarakan,ID,3.3,117.6333,78.62,80,100,3.65,light rain
555,Ginir,ET,7.1333,40.7,62.28,35,13,3.56,few clouds
556,Bowen,AU,-20.0167,148.2333,75.06,76,79,9.48,broken clouds
557,Kalmar,SE,56.6616,16.3616,37.96,73,0,12.66,clear sky
558,Adrar,MR,20.5022,-10.0711,77.72,7,78,9.8,broken clouds
559,Ararat,AM,39.8317,44.7049,32.34,51,29,3.36,scattered clouds
560,Douglas,US,41.3,-96.167,50.9,43,40,10.36,scattered clouds
561,Leh,IN,34.1667,77.5833,1.76,95,77,2.39,broken clouds
562,Kailua,US,21.4022,-157.7394,74.75,76,1,5.01,clear sky
563,Monroe,US,43.1501,-77.6831,39.06,55,100,5.99,overcast clouds
564,Langres,FR,47.8333,5.3333,38.25,78,10,2.51,clear sky
565,Takoradi,GH,4.8845,-1.7554,81.0,78,68,8.55,broken clouds
566,Tamandare,BR,-8.7597,-35.1047,84.9,57,37,10.25,scattered clouds
567,Miri,MY,4.4148,114.0089,77.31,93,100,4.54,overcast clouds
568,Tuzha,RU,57.6062,47.936,1.83,99,85,3.91,overcast clouds
569,Sosva,RU,59.1766,61.8558,-2.74,99,93,3.69,overcast clouds
570,Middelfart,DK,55.5059,9.7305,41.81,74,65,20.92,broken clouds
571,Neiafu,TO,-18.65,-173.9833,78.71,81,100,21.77,light rain
572,Chimbote,PE,-9.0853,-78.5783,76.19,66,87,11.01,overcast clouds
573,Severo-Kurilsk,RU,50.6789,156.125,29.66,95,95,5.5,light snow
574,San Buenaventura,MX,27.0833,-101.5333,53.47,57,75,9.22,broken clouds
575,Lenzing,AT,47.9681,13.6231,38.25,53,95,18.01,light snow
576,Kuala Sungai Baru,MY,2.3594,102.0353,77.14,85,99,3.62,light rain
577,Itapirapua,BR,-15.8233,-50.6133,79.11,77,99,1.88,overcast clouds
578,Pucallpa,PE,-8.3791,-74.5539,71.69,99,99,4.52,light rain
579,Chernaya Kholunitsa,RU,58.8511,51.7154,10.31,99,100,3.65,overcast clouds
580,Jacareacanga,BR,-6.2222,-57.7528,86.31,64,100,0.76,moderate rain
581,Gua Musang,MY,4.8823,101.9644,71.98,99,99,1.43,overcast clouds
582,Stokmarknes,NO,68.5646,14.9108,33.49,100,20,5.75,few clouds
583,Taoudenni,ML,22.6783,-3.9836,76.59,9,0,9.37,clear sky
584,Miyang,CN,24.4042,103.4428,48.49,81,36,3.33,scattered clouds
585,Strezhevoy,RU,60.7333,77.5889,-5.03,99,9,5.97,clear sky
586,Tezu,IN,27.9167,96.1667,51.78,66,8,4.32,clear sky
587,Turayf,SA,31.6725,38.6637,51.15,56,33,5.12,scattered clouds
588,Acarau,BR,-2.8856,-40.12,87.4,59,68,15.68,broken clouds
589,Labrea,BR,-7.2586,-64.7981,77.97,89,98,2.08,overcast clouds
590,Saint-Raymond,CA,45.467,-73.6095,32.4,67,100,6.53,overcast clouds
591,Seminole,US,28.7086,-81.2081,64.98,72,100,6.91,overcast clouds
592,Baymak,RU,52.5933,58.3225,14.05,97,100,3.58,overcast clouds
593,Port Pirie,AU,-33.1833,138.0167,78.19,32,27,11.12,scattered clouds
594,Vaitape,PF,-16.5167,-151.75,81.5,78,100,20.13,overcast clouds
595,Kloulklubed,PW,7.0419,134.2556,82.36,78,79,22.75,broken clouds
596,Novobirilyussy,RU,56.9514,90.6661,-1.07,100,99,2.89,overcast clouds
597,Kawalu,ID,-7.3817,108.2082,72.88,93,98,4.0,overcast clouds
598,Port-Gentil,GA,-0.7193,8.7815,80.98,79,74,7.67,broken clouds
599,Sakyla,FI,61.0333,22.3333,30.24,91,100,8.7,overcast clouds
600,Tucuman,AR,-26.8241,-65.2226,77.2,59,89,0.74,overcast clouds
601,Honiara,SB,-9.4333,159.95,78.76,88,100,6.46,overcast clouds
602,Harper,LR,4.375,-7.7169,81.07,75,99,9.24,overcast clouds
603,Motril,ES,36.7507,-3.5179,72.1,78,0,2.53,clear sky
604,Marsaxlokk,MT,35.8419,14.5431,58.08,77,75,23.02,broken clouds
605,Atar,MR,20.5169,-13.0499,87.66,6,66,8.34,broken clouds
606,Rabo De Peixe,PT,37.8,-25.5833,60.31,63,20,11.5,few clouds
607,Storm Lake,US,42.6411,-95.2097,40.35,59,0,8.05,clear sky
608,Inhambane,MZ,-23.865,35.3833,77.63,80,21,14.16,few clouds
609,Lakselv,NO,70.0513,24.9718,17.42,79,0,16.11,clear sky
610,Panlaitan,PH,12.1191,119.8486,80.28,73,100,7.67,overcast clouds
611,Shihezi,CN,44.3,86.0333,8.33,90,100,2.62,overcast clouds
612,Nioki,CD,-2.7167,17.6833,82.11,49,85,2.51,overcast clouds
613,Sola,VU,-13.8833,167.55,82.06,85,100,28.45,overcast clouds
614,Kimbe,PG,-5.5502,150.1429,76.42,93,98,2.13,overcast clouds
615,Khandbari,NP,27.3747,87.2039,49.73,85,81,1.3,broken clouds
616,Vila Franca Do Campo,PT,37.7167,-25.4333,61.21,72,71,8.03,broken clouds
617,Andenes,NO,69.3143,16.1194,31.98,69,75,5.75,broken clouds
618,Beckley,US,37.7782,-81.1882,46.29,52,75,8.05,broken clouds
619,Boende,CD,-0.2167,20.8667,82.15,32,42,3.15,scattered clouds
620,Lincoln,US,40.8,-96.667,53.38,39,39,5.01,scattered clouds
621,Rafaela,AR,-31.2503,-61.4867,85.05,20,0,1.01,clear sky
622,Kismayo,SO,-0.3582,42.5454,77.83,85,11,15.17,few clouds
623,Port Townsend,US,48.117,-122.7605,48.49,86,82,4.0,broken clouds
624,Baft,IR,29.234,56.6057,38.75,54,0,2.93,clear sky
625,Sweetwater,US,25.7634,-80.3731,83.01,65,20,10.36,few clouds
626,Pringsewu,ID,-5.3582,104.9744,73.2,94,92,3.13,overcast clouds
627,Port Shepstone,ZA,-30.7414,30.455,76.05,77,90,11.54,overcast clouds
628,Sharan,RU,54.8167,54.0,16.39,98,100,3.44,overcast clouds
629,Sri Aman,MY,1.2376,111.4621,72.59,100,99,0.78,overcast clouds
630,Del Rio,US,29.3627,-100.8968,61.23,34,0,11.01,clear sky
631,Prokopyevsk,RU,53.9059,86.719,-2.36,100,72,3.04,broken clouds
632,Yorosso,ML,12.3536,-4.7761,85.8,9,1,6.42,clear sky
633,Falkenberg,SE,56.9055,12.4912,38.26,86,13,7.45,few clouds
634,Nurota,UZ,40.5614,65.6886,37.49,97,100,3.11,overcast clouds
635,Pimentel,PE,-6.8367,-79.9342,79.09,53,0,16.11,clear sky
636,Lubumbashi,CD,-11.6609,27.4794,62.91,98,100,2.84,overcast clouds
637,Carballo,ES,43.213,-8.691,58.01,86,18,7.23,few clouds
638,Itaueira,BR,-7.6033,-43.0256,86.23,59,71,3.78,light rain
639,Ouesso,CG,1.6136,16.0517,80.31,28,57,0.74,broken clouds
640,Liverpool,GB,53.4106,-2.9779,52.77,87,75,11.5,broken clouds
641,Sorland,NO,67.667,12.6934,39.06,68,93,14.63,overcast clouds
642,Montepuez,MZ,-13.1256,38.9997,70.05,96,79,4.94,light rain
643,Puerto Concordia,CO,2.6221,-72.7572,80.1,75,99,3.33,overcast clouds
644,Petatlan,MX,17.5167,-101.2667,87.6,44,13,6.67,few clouds
645,Chikwawa,MW,-16.0335,34.8009,74.14,91,39,2.51,scattered clouds
646,Japura,ID,-0.3167,102.35,74.12,95,100,2.77,overcast clouds
647,Agirish,RU,61.9247,63.0231,-4.76,100,99,3.78,overcast clouds
648,Meulaboh,ID,4.1363,96.1285,76.68,82,100,3.13,overcast clouds
649,Fare,PF,-16.7,-151.0167,81.32,76,100,19.95,overcast clouds
650,Aqtobe,KZ,50.2797,57.2072,17.69,86,100,6.71,mist
651,Tirlyanskiy,RU,54.2109,58.5806,11.55,98,100,1.23,light snow
652,Ouallam,NE,14.3188,2.0866,80.22,10,0,9.42,clear sky
653,Makakilo City,US,21.3469,-158.0858,73.29,71,1,15.05,clear sky
654,Gushikawa,JP,26.3544,127.8686,69.03,77,100,9.22,overcast clouds
655,Inuvik,CA,68.3499,-133.7218,-31.88,95,100,11.68,overcast clouds
656,Rybnoye,RU,54.7256,39.5119,29.73,94,100,14.92,light snow
657,Lerwick,GB,60.1545,-1.1494,46.4,91,100,33.13,overcast clouds
658,Umm Lajj,SA,25.0213,37.2685,71.15,47,0,15.55,clear sky
659,San Isidro,PE,-12.1167,-77.05,76.5,82,0,10.36,clear sky
660,Rio Branco,BR,-9.9747,-67.81,80.6,75,98,4.52,overcast clouds
661,Progreso,MX,21.2833,-89.6667,81.1,75,21,10.0,few clouds
662,San Cristobal,VE,7.7669,-72.225,75.38,45,81,4.68,broken clouds
663,San Andres,CO,12.5847,-81.7006,84.22,61,20,13.8,few clouds
664,Santa Cruz,BO,-17.8,-63.1667,87.49,37,16,9.28,few clouds
665,Oussouye,SN,12.485,-16.5469,84.78,36,54,11.18,broken clouds
666,Ngara,TZ,-2.5122,30.6558,59.29,91,95,3.4,overcast clouds
667,Kashi,CN,39.4547,75.9797,26.91,57,91,3.56,overcast clouds
668,Hamilton,US,39.1834,-84.5333,41.65,66,0,9.22,clear sky
669,Xixiang,CN,35.1628,112.865,32.67,58,52,4.21,broken clouds
670,Kurilsk,RU,45.2333,147.8833,23.31,70,99,12.97,overcast clouds
671,Aleksandrovka,UA,46.8383,32.7612,35.82,94,100,13.04,overcast clouds
672,Nadym,RU,65.5333,72.5167,-4.59,93,91,13.31,overcast clouds
673,Dicabisagan,PH,17.0818,122.4157,75.29,88,99,7.34,overcast clouds
674,Mersing,MY,2.4312,103.8405,76.98,91,100,7.31,overcast clouds
675,Hurghada,EG,27.2574,33.8129,63.1,43,0,13.94,clear sky
676,Parana,AR,-31.732,-60.5238,81.3,51,0,6.35,clear sky
677,Presidencia Roque Saenz Pena,AR,-26.7852,-60.4388,89.35,15,1,6.73,clear sky
678,Launceston,AU,-41.45,147.1667,55.04,82,40,5.75,scattered clouds
679,Khandyga,RU,62.6667,135.6,-39.14,99,83,1.14,broken clouds
680,Fowa,NG,8.9167,6.4,89.08,12,48,3.38,scattered clouds
681,Paamiut,GL,61.994,-49.6678,6.15,89,100,28.66,light snow
682,Pirapo,PY,-26.85,-55.5333,79.68,15,0,6.49,clear sky
683,Maldonado,UY,-34.6667,-54.9167,69.22,62,82,15.43,broken clouds
